{
  "逻辑回归": {
    "0": {
      "precision": 0.8772952491984845,
      "recall": 0.6271486613188874,
      "f1-score": 0.7314257943016828,
      "support": 9599.0
    },
    "1": {
      "precision": 0.3034254573764111,
      "recall": 0.6493127863390254,
      "f1-score": 0.4135827032762966,
      "support": 2401.0
    },
    "accuracy": 0.6315833333333334,
    "macro avg": {
      "precision": 0.5903603532874477,
      "recall": 0.6382307238289564,
      "f1-score": 0.5725042487889896,
      "support": 12000.0
    },
    "weighted avg": {
      "precision": 0.7624734683514178,
      "recall": 0.6315833333333334,
      "f1-score": 0.6678306891723534,
      "support": 12000.0
    }
  },
  "线性SVM": {
    "0": {
      "precision": 0.877234104893056,
      "recall": 0.6238149807271591,
      "f1-score": 0.7291324200913242,
      "support": 9599.0
    },
    "1": {
      "precision": 0.3020873598763046,
      "recall": 0.650978758850479,
      "f1-score": 0.41267326732673265,
      "support": 2401.0
    },
    "accuracy": 0.62925,
    "macro avg": {
      "precision": 0.5896607323846803,
      "recall": 0.637396869788819,
      "f1-score": 0.5709028437090284,
      "support": 12000.0
    },
    "weighted avg": {
      "precision": 0.7621568269942876,
      "recall": 0.6292500000000001,
      "f1-score": 0.6658142179423422,
      "support": 12000.0
    }
  },
  "随机森林": {
    "0": {
      "precision": 0.8406724615531569,
      "recall": 0.9168663402437754,
      "f1-score": 0.877117799481762,
      "support": 9599.0
    },
    "1": {
      "precision": 0.47877204441541477,
      "recall": 0.30528946272386503,
      "f1-score": 0.3728382502543235,
      "support": 2401.0
    },
    "accuracy": 0.7945,
    "macro avg": {
      "precision": 0.6597222529842859,
      "recall": 0.6110779014838202,
      "f1-score": 0.6249780248680428,
      "support": 12000.0
    },
    "weighted avg": {
      "precision": 0.7682622197575136,
      "recall": 0.7945,
      "f1-score": 0.7762198663405053,
      "support": 12000.0
    }
  },
  "梯度提升树": {
    "0": {
      "precision": 0.8237527593818984,
      "recall": 0.9718720700072925,
      "f1-score": 0.891703307207035,
      "support": 9599.0
    },
    "1": {
      "precision": 0.6,
      "recall": 0.16867971678467306,
      "f1-score": 0.2633289986996099,
      "support": 2401.0
    },
    "accuracy": 0.8111666666666667,
    "macro avg": {
      "precision": 0.7118763796909492,
      "recall": 0.5702758933959827,
      "f1-score": 0.5775161529533224,
      "support": 12000.0
    },
    "weighted avg": {
      "precision": 0.7789835614422369,
      "recall": 0.8111666666666667,
      "f1-score": 0.765976080979841,
      "support": 12000.0
    }
  },
  "多层感知机": {
    "0": {
      "precision": 0.8281530722242185,
      "recall": 0.9604125429732264,
      "f1-score": 0.8893926969273069,
      "support": 9599.0
    },
    "1": {
      "precision": 0.5622119815668203,
      "recall": 0.20324864639733445,
      "f1-score": 0.29856225145304377,
      "support": 2401.0
    },
    "accuracy": 0.8089166666666666,
    "macro avg": {
      "precision": 0.6951825268955194,
      "recall": 0.5818305946852804,
      "f1-score": 0.5939774741901753,
      "support": 12000.0
    },
    "weighted avg": {
      "precision": 0.7749426923351842,
      "recall": 0.8089166666666666,
      "f1-score": 0.7711773719619981,
      "support": 12000.0
    }
  }
}