x_mean,y_mean,n
0.005248860841835886,5.866505960716251,173665
0.743374146326153,5.14487430548123,8438
